id,game,release_date,price_USD,genres,pc_requirements
629760,MORDHAU,"Apr 29, 2019",29.99,"Action, Indie",NVIDIA GTX 680 or AMD equivalent
427520,Factorio,"Aug 14, 2020",35.0,"Casual, Indie, Simulation, Strategy","DirectX 11 capable GPU with 1GB VRAM - GeForce GTX 750 Ti, Radeon R7 360 or Intel UHD Graphics 730"
1551360,Forza Horizon 5,"Nov 8, 2021",59.99,"Action, Adventure, Racing, Simulation, Sports","NVidia GTX 970, AMD RX 470, OR Intel Arc A380"
582660,Black Desert,"May 24, 2017",9.99,"Action, Adventure, Massively Multiplayer, RPG, Strategy","GeForce GTX 970, Radeon RX 480"
1716740,Starfield,"Sep 5, 2023",69.99,RPG,"AMD Radeon RX 5700, NVIDIA GeForce 1070 Ti"
264710,Subnautica,"Jan 23, 2018",29.99,"Adventure, Indie",Intel HD 4600 or equivalent - This includes most GPUs scoring greater than 950 points in the 3DMark Fire Strike benchmark
231430,Company of Heroes 2,"Jun 25, 2013",19.99,Strategy,512MB Direct3D 10 capable video card (GeForce 8800 GT or Radeon HD 2900XT)
1145350,Hades II,"Sep 25, 2025",29.99,"Action, Indie, RPG","GeForce GTX 950, Radeon R7 360, or Intel HD Graphics 630"
1293830,Forza Horizon 4,"Mar 9, 2021",60.0,Racing,NVidia 650TI OR AMD R7 250x
230410,Warframe,"Mar 25, 2013",0.0,"Action, RPG, Free To Play",NVidia 650TI OR AMD R7 250x
10,Counter-Strike,"Nov 1, 2000",9.99,Action,NVidia 650TI OR AMD R7 250x
1366540,Dyson Sphere Program,"Jan 20, 2021",19.99,"Indie, Simulation, Strategy, Early Access","Dedicated graphics card, GTX 750 Ti 2GB"
2215430,Ghost of Tsushima DIRECTOR'S CUT,"May 16, 2024",59.99,"Action, Adventure",NVIDIA GeForce GTX 960 or AMD Radeon RX 5500 XT
1506830,FIFA 22,"Oct 1, 2021",70.0,"Simulation, Sports",NVIDIA GTX 660 2GB or AMD Radeon HD 7850 2GB
1222670,The Sims™ 4,"Jun 18, 2020",40.0,"Adventure, Casual, Simulation, Free To Play","128 MB of Video RAM and support for Pixel Shader 3.0. Supported Video Cards: NVIDIA GeForce 6600 or better, ATI Radeon X1300 or better, Intel GMA X4500 or better"
1145360,Hades,"Sep 17, 2020",24.99,"Action, Indie, RPG",1GB VRAM / DirectX 10+ support
1203220,NARAKA: BLADEPOINT,"Aug 11, 2021",0.0,"Action, Adventure, Massively Multiplayer","NVIDIA GeForce GTX 750TI, Intel Arc A380, AMD HD 6950 or equivalent"
250900,The Binding of Isaac: Rebirth,"Nov 4, 2014",14.99,Action,Discreet video card
252950,Rocket League®,"Jul 6, 2015",0.0,"Action, Indie, Racing, Sports","NVIDIA GeForce 760, AMD Radeon R7 270X, or better"
526870,Satisfactory,"Sep 10, 2024",39.99,"Adventure, Indie, Simulation, Strategy","Nvidia GTX 1650/GTX 1050-ti, or AMD RX 470/RX 570, or equivalent performance & VRAM"
1149460,ICARUS,"Dec 3, 2021",34.99,"Action, Adventure, Simulation",Nvidia GTX 1060 6GB
1222680,Need for Speed™ Heat,"Jun 4, 2020",69.99,"Action, Adventure, Racing, Sports",AMD: Radeon 7970/Radeon R9 280x or Equivalent; NVIDIA: GeForce GTX 760 or Equivalent
1328670,Mass Effect™ Legendary Edition,"May 14, 2021",59.99,"Action, RPG","GPU: NVIDIA GTX 760, AMD Radeon 7970 / R9280X GPU RAM: 2 GB Video Memory"
578080,PUBG: BATTLEGROUNDS,"Dec 21, 2017",0.0,"Action, Adventure, Massively Multiplayer, Free To Play",NVIDIA GeForce GTX 960 2GB / AMD Radeon R7 370 2GB
239140,Dying Light,"Jan 26, 2015",24.99,"Action, RPG",NVIDIAÂ® GeForceÂ® GTX 560 / AMD Radeonâ¢ HD 6870 (1GB VRAM)
1217060,Gunfire Reborn,"Nov 17, 2021",19.99,"Action, Adventure, Indie, RPG",GTX 960 / R9 280
550,Left 4 Dead 2,"Nov 16, 2009",9.99,Action,"Video card with 128 MB, Shader model 2.0. ATI X800, NVidia 6600 or better"
2670630,Supermarket Simulator,"Jun 19, 2025",19.99,"Casual, Indie, Simulation",NVIDIA GTX 1050 / AMD R9 270X
632360,Risk of Rain 2,"Aug 11, 2020",24.99,"Action, Indie",GTX 580 / AMD HD 7870
892970,Valheim,"Feb 2, 2021",19.99,"Action, Adventure, Indie, RPG, Early Access",GeForce GTX 950 or Radeon HD 7970
1196590,Resident Evil Village,"May 6, 2021",39.99,Action,AMD Radeon RX 560 with 4GB VRAM ï¼ NVIDIA GeForce GTX 1050 Ti with 4GB VRAM
678960,CODE VEIN,"Sep 26, 2019",59.99,"Action, RPG",GeForce GTX 760 or Radeon HD 7850
374320,DARK SOULS™ III,"Apr 11, 2016",59.99,Action,NVIDIAÂ® GeForce GTX 750 Ti / ATI Radeon HD 7950
552500,Warhammer: Vermintide 2,"Mar 8, 2018",29.99,"Action, Indie, RPG",NVIDIA GeForce GTX 460 or AMD Radeon HD 5870
1282100,REMNANT II®,"Jul 25, 2023",49.99,"Action, Adventure, RPG",GeForce GTX 1650  / AMD Radeon RX 590
201270,Total War: SHOGUN 2,"Mar 15, 2011",29.99,Strategy,256 MB DirectX 9.0c compatible card (shader model 3)
1501750,Lords of the Fallen,"Oct 13, 2023",29.99,"Action, Adventure, RPG",6GBs VRAM | NVIDIA GTX-1060 | AMD Radeon RX 590
108600,Project Zomboid,"Nov 8, 2013",19.99,"Indie, RPG, Simulation, Early Access",6GBs VRAM | NVIDIA GTX-1060 | AMD Radeon RX 590
570,Dota 2,"Jul 9, 2013",0.0,"Action, Strategy, Free To Play","NVIDIA GeForce 8600/9600GT, ATI/AMD Radeon HD2600/3600"
601150,Devil May Cry 5,"Mar 7, 2019",29.99,Action,"NVIDIAÂ® GeForceÂ® GTX 760 or AMD Radeonâ¢ R7 260x with 2GB Video RAM, or better"
2321470,Deep Rock Galactic: Survivor,"Sep 17, 2025",12.99,Action,Geforce GTX 1050 or similar
1128000,Cube World,"Sep 30, 2019",19.99,"Adventure, Indie, RPG","AMD Radeon R9 285, NVIDIA GeForce GTX 660"
280640,Dark Shadows - Army of Evil,"Mar 11, 2014",4.99,"Action, Indie, RPG",AMD Radeonâ¢ 1300 / NVIDIAÂ® GeForceâ¢ 6600
848450,Subnautica: Below Zero,"May 13, 2021",29.99,"Adventure, Indie",Intel HD 530 or better
440900,Conan Exiles,"May 8, 2018",39.99,"Action, Adventure, Massively Multiplayer, RPG, Simulation, Strategy",NVIDIA GeForce GTX 1650 or Radeon RX 580
1313860,EA SPORTS™ FIFA 21,"Oct 8, 2020",70.0,"Simulation, Sports",NVIDIA GTX 660 2GB or AMD Radeon HD 7850 2GB
552520,Far Cry® 5,"Mar 26, 2018",59.99,"Action, Adventure",NVIDIA GeForce GTX 670 or AMD R9 270 (2GB VRAM with Shader Model 5.0 or better)
242760,The Forest,"Apr 30, 2018",19.99,"Action, Adventure, Indie, Simulation",NVIDIA GeForce 8800GT
252490,Rust,"Feb 8, 2018",39.99,"Action, Adventure, Indie, Massively Multiplayer, RPG",GTX 1050 / AMD 500 Series or better
1222730,STAR WARS™: Squadrons,"Oct 1, 2020",39.99,"Action, Simulation",Radeon HD 7850 or better/GeForce GTX 660 or better
779340,Total War: THREE KINGDOMS,"May 23, 2019",59.99,"Action, Strategy",GTX 650 Ti 1GB|HD 7850 1GB|Intel UHD Graphics 620
2344520,Diablo® IV,"Oct 17, 2023",49.99,"Action, RPG",NVIDIAÂ® GeForceÂ® GTX 660 or IntelÂ® Arcâ¢ A380 or AMD Radeonâ¢ R9 280
755790,Ring of Elysium,"Jun 24, 2019",0.0,"Action, Free To Play, Massively Multiplayer",NVIDIA GeForce GT 730 or equivalent
548430,Deep Rock Galactic,"May 13, 2020",29.99,Action,NVIDIA GeForce GTX 660 or AMD Radeon HD 7870
1607250,MY HERO ULTRA RUMBLE,"Sep 28, 2023",0.0,"Action, Casual, Free To Play",AMD Radeon HD 7770 / Nvidia GeForce GTX 650 Ti
2399830,ARK: Survival Ascended,"Oct 25, 2023",44.99,"Action, Adventure, Indie, Massively Multiplayer, RPG, Early Access","AMD Radeon RX 5600 XT, NVIDIA GeForce 1080"
960090,Bloons TD 6,"Dec 17, 2018",13.99,Strategy,"OpenGL 2.0 compatible, ATI, Nvidia or Intel HD"
2050650,Resident Evil 4,"Mar 23, 2023",39.99,"Action, Adventure",AMD Radeon RX 560 with 4GB VRAM / NVIDIA GeForce GTX 1050 Ti with 4GB VRAM
1483870,Draw & Guess,"Mar 12, 2021",2.99,"Casual, Indie",Graphics card with DX10 (shader model 4.0) capabilities
1816670,GUNDAM EVOLUTION,"Sep 19, 2022",0.0,"Action, Free To Play",NVIDIAÂ® GeForceÂ® GTX 1050
648800,Raft,"Jun 20, 2022",19.99,"Adventure, Indie, Simulation",GeForce GTX 700 series or similar
1919590,NBA 2K23,"Sep 8, 2022",60.0,"Simulation, Sports",NVIDIAÂ® GeForceÂ® GT 450 1GB/ ATIÂ® Radeonâ¢ HD 7770 1 GB or better
703080,Planet Zoo,"Nov 5, 2019",44.99,"Casual, Simulation, Strategy",NVIDIA GeForce GTX 770 (2GB) / AMD Radeon R9 270X (2GB)
1250410,Microsoft Flight Simulator (2020) 40th Anniversary Edition,"Aug 17, 2020",59.99,Simulation,NVIDIA GTX 770 | AMD Radeon RX 570
1973530,Limbus Company,"Feb 26, 2023",0.0,"Action, RPG, Strategy",GeForce GT 1030
812140,Assassin's Creed® Odyssey,"Oct 5, 2018",59.99,"Action, Adventure, RPG","AMD Radeon R9 285, NVIDIA GeForce GTX 660 (2GB VRAM with Shader Model 5.0) (MORE DETAILS HERE)"
1623660,MIR4,"Aug 25, 2021",0.0,"Action, Adventure, Massively Multiplayer, RPG, Free To Play",Nvidia GTX 650 / AMD Radeon 530
692850,Bloodstained: Ritual of the Night,"Jun 18, 2019",39.99,"Action, Adventure, RPG",AMD Radeon R9 280X / GeForce GTX 760
244850,Space Engineers,"Feb 28, 2019",19.99,"Action, Indie, Simulation, Strategy",Geforce 750/Radeon R9 270X or higher
1184370,Pathfinder: Wrath of the Righteous - Enhanced Edition,"Sep 2, 2021",19.99,"Action, Adventure, Indie, RPG, Strategy",NVIDIA GeForce 940M
671860,BattleBit Remastered,"Jun 15, 2023",14.99,"Action, Massively Multiplayer, Early Access",Geforce GTS 450 or equivalent or better
2881650,Content Warning,"Apr 1, 2024",7.99,"Action, Adventure, Indie",NVIDIA GeForce GTX 1050 ti or AMD R9 380
3070070,TCG Card Shop Simulator,"Sep 15, 2024",12.99,"Simulation, Early Access",NVidia GeForce GTX 1050
394360,Hearts of Iron IV,"Jun 6, 2016",49.99,"Simulation, Strategy",NvidiaÂ® GeForceâ¢ GTX 470 (1.28GB) | AMDÂ® HD 5850 (1GB) | Intel Iris Xe G7 (Tiger Lake) | AMDÂ® Radeonâ¢ RX Vega 11
1794680,Vampire Survivors,"Oct 20, 2022",4.99,"Action, Casual, Indie, RPG","DX11, DX12 capable"
359550,Tom Clancy's Rainbow Six® Siege X,"Dec 1, 2015",0.0,"Action, Free To Play",Nvidia GTX 1650 4GB / AMD RX 5500XT 4GB / Intel ARC A380 6GB
1818750,MultiVersus,"Jul 19, 2022",0.0,"Action, Free To Play",Nvidia GeForce GTX 650 Ti / AMD Radeon HD 7850
105600,Terraria,"May 16, 2011",9.99,"Action, Adventure, Indie, RPG",Nvidia GeForce GTX 650 Ti / AMD Radeon HD 7850
1966720,Lethal Company,"Oct 23, 2023",9.99,"Action, Adventure, Indie, Early Access",NVIDIA GForce GTX 1050
2322560,Love Is All Around,"Oct 17, 2023",9.99,"Adventure, Indie, RPG, Simulation, Strategy",Discrete graphics card
1790600,DRAGON BALL: Sparking! ZERO,"Oct 10, 2024",69.99,Action,Nvidia GeForce GTX 980 / AMD Radeon RX 590 / Intel Arc A750
1363080,Manor Lords,"Apr 26, 2024",39.99,"Simulation, Strategy, Early Access",NVIDIAÂ® GeForceÂ® GTX 1050 (2 GB) / AMDÂ® Radeonâ¢ RX-460 (4 GB)  / IntelÂ® Arcâ¢ A380 (6 GB)
594570,Total War: WARHAMMER II,"Sep 28, 2017",59.99,"Action, Strategy",NVIDIA GTX 460 1GB | AMD Radeon HD 5770 1GB | Intel HD4000 @720p
1172620,Sea of Thieves: 2025 Edition,"Jun 3, 2020",39.99,"Action, Adventure",Nvidia GeForce GTX 660 or AMD Radeon R9 270
1325200,Nioh 2 – The Complete Edition,"Feb 5, 2021",49.99,"Action, RPG","NVIDIA GeForce GTX 970 or over, VRAM 4GB or over"
920210,LEGO® Star Wars™: The Skywalker Saga,"Apr 5, 2022",49.99,"Action, Adventure",GeForce GTX 750 Ti or Radeon HD 7850
1845910,Dragon Age™: The Veilguard,"Oct 31, 2024",59.99,"Action, Adventure, RPG, Strategy",NVIDIA GTX 970/1650 / AMD Radeon R9 290X
1151640,Horizon Zero Dawn™ Complete Edition,"Aug 7, 2020",50.0,"Action, Adventure, RPG",Nvidia GeForce GTX 780 (3 GB) or AMD Radeon R9 290 (4GB)
841370,NBA 2K19,"Sep 10, 2018",60.0,"Simulation, Sports",NVIDIAÂ® GeForceÂ® GT 450 1GB / AMDÂ® Radeonâ¢ HD 7770 1GB or better
218620,PAYDAY 2,"Aug 13, 2013",9.99,"Action, RPG",Nvidia & AMD (512MB VRAM)
1593500,God of War,"Jan 14, 2022",49.99,"Action, Adventure, RPG",NVIDIA GTX 960 (4 GB) or AMD R9 290X (4 GB)
606880,GreedFall,"Sep 9, 2019",34.99,RPG,"2 GB, GeForce GTX 660/Radeon HD 7870"
1174180,Red Dead Redemption 2,"Dec 5, 2019",59.99,"Action, Adventure",Nvidia GeForce GTX 770 2GB / AMD Radeon R9 280 3GB
2679460,Metaphor: ReFantazio,"Oct 10, 2024",69.99,"Action, Adventure, RPG","NVIDIA GeForce GTX 750 Ti, 4GB or AMD Radeon R7 360, 4GB or Intel Arc A310, 4GB"
1158310,Crusader Kings III,"Sep 1, 2020",49.99,"RPG, Simulation, Strategy",NvidiaÂ® GeForceâ¢ GTX 660 (2GB) / AMDÂ® Radeonâ¢ HD 7870 (2GB) / IntelÂ® Iris Proâ¢ 580 / IntelÂ® IrisÂ® Plus G7 / AMDÂ® Radeonâ¢ Vega 11
1282730,Loop Hero,"Mar 4, 2021",14.99,"Indie, RPG, Strategy","GeForce 7300 GT (512 MB), Radeon X1300 Pro (256 MB)"
1938090,Call of Duty®,"Oct 27, 2022",0.0,Action,"AMD Radeonâ¢ RX 470, NVIDIAÂ® GeForceÂ® GTX 960 or IntelÂ® Arcâ¢ A580"
1286830,STAR WARS™: The Old Republic™,"Jul 21, 2020",0.0,"Massively Multiplayer, RPG, Free To Play",Star Wars: The Old Republic requires a video card that has a minimum of 1 GB of on-board RAM as well as support for Shader 3.0 or better. Examples include: Intel HD 3000 or better/AMD Radeon HD 7450/Nvidia GeForce 610
2507950,Delta Force,"Dec 4, 2024",0.0,"Action, Adventure, Massively Multiplayer, Free To Play",Nvidia Geforce GTX 660 / AMD HD 7870 / Intel Arc A380
492720,Tropico 6,"Mar 29, 2019",39.99,"Simulation, Strategy","AMD/NVIDIA dedicated GPU, 2GB dedicated VRAM (Radeon HD 7870, Geforce GTX 750)"
1337520,Risk of Rain Returns,"Nov 8, 2023",14.99,Action,"Nvidia GeForce GT 710, 1 GB or AMD Radeon R7 240, 1 GB"
251570,7 Days to Die,"Jul 25, 2024",44.99,"Action, Adventure, Indie, RPG, Simulation, Strategy",2 GB Dedicated Memory
1623730,Palworld,"Jan 18, 2024",29.99,"Action, Adventure, Indie, RPG, Early Access",GeForce GTX 1050 (2GB)
2767030,Marvel Rivals,"Dec 5, 2024",0.0,"Action, Free To Play",NVIDIA GeForce GTX 1060 / AMD RX 580 / Intel Arc A380
1030840,Mafia: Definitive Edition,"Sep 24, 2020",39.99,"Action, Adventure",NVIDIA GeForce GTX 660 / AMD Radeon HD 7870
700600,Evil Genius 2: World Domination,"Mar 30, 2021",39.99,"Simulation, Strategy","GeForce GT 1030 2GB, Radeon RX 550 2GB"
444090,Paladins®,"May 8, 2018",0.0,"Action, Adventure, Massively Multiplayer, Strategy, Free To Play",Nvidia GeForce 8800 GT
858810,Dawn of Man,"Mar 1, 2019",24.99,"Indie, Simulation, Strategy",1 GB VRAM (Shader Model 3)
899770,Last Epoch,"Feb 21, 2024",34.99,"Action, Adventure, Indie, RPG",nVidia GTX 1060 / AMD RX 580 with 6GB of VRAM
292030,The Witcher 3: Wild Hunt,"May 18, 2015",39.99,RPG,Nvidia GPU GeForce GTX 660 / AMD GPU Radeon HD 7870
2567870,Chained Together,"Jun 19, 2024",4.99,"Adventure, Casual, Indie, Simulation",NVIDIA GeForce GTX 1650 or equivalent
1832640,Mirror 2: Project X,"Jan 20, 2022",1.99,"Adventure, Indie, RPG, Early Access",NVIDIA GeForce GTX 1050
2479810,Gray Zone Warfare,"Apr 30, 2024",39.99,"Action, Massively Multiplayer, Simulation, Early Access",NVIDIAÂ® GeForceÂ® GTX 1080 8GB / 2060 SUPER 8GB  / RTX 3060 8GB / RTX 4060 8GB / AMD Radeonâ¢ RX 5700 8GB / RX 6600 8GB / IntelÂ® Arcâ¢ A770 8GB
221380,Age of Empires II (Retired),"Apr 9, 2013",19.99,Strategy,Direct X 9.0c Capable GPU
858820,Tribes of Midgard,"Jul 27, 2021",19.99,"Action, Adventure, Indie, RPG",Nvidia GeForce GTX 560 (1GB) or AMD Radeon HD 7770 (1GB)
2429640,THRONE AND LIBERTY,"Oct 1, 2024",0.0,"Action, Adventure, Massively Multiplayer, RPG, Free To Play",NVIDIA Geforce GTX960
997070,Marvel's Avengers - The Definitive Edition,"Sep 4, 2020",60.0,"Action, Adventure, RPG",NVIDIA GTX 950 / AMD 270 (min 2GB video ram)
838350,The Scroll Of Taiwu,"Sep 20, 2018",19.99,"Adventure, Casual, Indie, RPG, Strategy, Early Access",HD4400
945360,Among Us,"Nov 16, 2018",4.99,Casual,INTEL HD Graphics 4600
813780,Age of Empires II: Definitive Edition,"Nov 14, 2019",34.99,Strategy,NVIDIAÂ® GeForceÂ® GT 420 or ATIâ¢ Radeonâ¢ HD 6850 or IntelÂ® HD Graphics 4000 or better with 2 GB VRAM
294100,RimWorld,"Oct 17, 2018",34.99,"Indie, Simulation, Strategy",Intel HD Graphics 4000 or other shader model 4.0
730,Counter-Strike 2,"Aug 21, 2012",0.0,"Action, Free To Play",Video card must be 1 GB or more and should be a DirectX 11-compatible with support for Shader Model 5.0
594650,Hunt: Showdown 1896,"Aug 27, 2019",29.99,Action,"NVIDIA GTX 1650 Super or AMD Radeon RX 5500 XT, with a minimum of 4GB of VRAM"
1085660,Destiny 2,"Oct 1, 2019",0.0,"Action, Adventure, Free To Play",NVIDIAÂ® GeForceÂ® GTX 660 2GB or GTX 1050 2GB / AMD Radeon HD 7850 2GB
2183900,"Warhammer 40,000: Space Marine 2","Sep 9, 2024",59.99,"Action, Adventure, RPG","6 GB VRAM, AMD Radeon RX 580 / Nvidia GeForce GTX 1060"
291550,Brawlhalla,"Oct 17, 2017",0.0,"Action, Indie, Free To Play","6 GB VRAM, AMD Radeon RX 580 / Nvidia GeForce GTX 1060"
255710,Cities: Skylines,"Mar 10, 2015",29.99,"Simulation, Strategy",NvidiaÂ® GeForceâ¢ GTS 450 (1 GB) |  AMDÂ® R7 250 (2 GB)  |  Intel Iris Xe G7 (Tiger Lake)
1384160,GUILTY GEAR -STRIVE-,"Jun 11, 2021",39.99,Action,"Radeon HD 6870, 1 GB / GeForce GTX 650 Ti, 1 GB"
220,Half-Life 2,"Nov 16, 2004",9.99,Action,DirectX 8.1 level Graphics Card (requires support for SSE)
8930,Sid Meier's Civilization® V,"Sep 21, 2010",29.99,Strategy,"256 MB ATI HD2600 XT or better, 256 MB nVidia 7900 GS or better, or Core i3 or better integrated graphics"
397540,Borderlands 3,"Mar 13, 2020",59.99,"Action, RPG",AMD Radeonâ¢ HD 7970 or NVIDIA GeForce GTX 680 2 GB
1928420,Farlight 84,"Sep 21, 2023",0.0,"Action, Adventure, Massively Multiplayer, Free To Play",NVIDIA GeForceÂ® GTX 660 or Equivalent
271590,Grand Theft Auto V Legacy,"Apr 13, 2015",30.0,"Action, Adventure","NVIDIA 9800 GT 1GB / AMD HD 4870 1GB (DX 10, 10.1, 11)"
1254120,Bless Unleashed,"Aug 6, 2021",0.0,"Action, Massively Multiplayer, RPG, Free To Play",NVIDIA GeForce GTX 960 2GB / AMD Radeon R7 370 2GB
1517290,Battlefield™ 2042,"Nov 19, 2021",59.99,"Action, Adventure, Casual","AMD Radeon RX 560,Nvidia GeForce GTX 1050 Ti"
532210,Life is Strange 2,"Sep 26, 2018",0.0,Adventure,Nvidia GeForce GTX 650 2GB or AMD Radeon HD 7770 2GB
677620,Splitgate,"May 24, 2019",0.0,"Action, Free To Play, Indie",NVIDIA GeForce GTX 660 1GB
2073850,THE FINALS,"Dec 7, 2023",0.0,"Action, Free To Play",NVIDIA GeForce GTX 1050 Ti or AMD Radeon RX 580
952060,Resident Evil 3,"Apr 2, 2020",39.99,Action,NVIDIAÂ® GeForceÂ® GTX 960 or AMD Radeonâ¢ RX 460
646910,The Crew™ 2,"Jun 28, 2018",29.99,"Action, Massively Multiplayer, Racing",NVIDIA GeForce GTX 660 or AMD HD 7870 (2GB VRAM with Shader Model 5.0 or better)
546560,Half-Life: Alyx,"Mar 23, 2020",59.99,"Action, Adventure",GTX 1060 / RX 580 - 6GB VRAM
304390,FOR HONOR™,"Mar 14, 2024",29.99,Action,NVIDIA GeForce GTX950 / GTX1050 with 2 GB VRAM | AMD Radeon R9 270 / R9 370 / RX460 with 2 GB VRAM
2669320,EA SPORTS FC™ 25,"Sep 26, 2024",69.99,"Simulation, Sports",AMD RX 570 or Nvidia GTX 1050 Ti
903950,Last Oasis,"Mar 26, 2020",29.99,"Action, Adventure, Indie, Massively Multiplayer, RPG, Early Access","NVIDIA GTX 770, AMD Radeon HD 7870"
1272080,PAYDAY 3,"Sep 21, 2023",29.99,"Action, Adventure, RPG",Nvidia GTX 1650 (4 GB) or AMD Radeon RX 580 (4GB)
1366800,Crosshair X,"Aug 17, 2020",4.99,"Action, Adventure, Indie, Animation & Modeling, Design & Illustration, Education, Photo Editing, Utilities, Game Development",Nvidia GTX 1650 (4 GB) or AMD Radeon RX 580 (4GB)
381210,Dead by Daylight,"Jun 14, 2016",24.99,Action,DX11 Compatible GeForce GTX 460 1GB or AMD HD 6850 1GB
322330,Don't Starve Together,"Apr 21, 2016",14.99,"Action, Adventure, Indie, RPG, Simulation, Strategy",Radeon HD5450 or better; 256 MB or higher
1066780,Transport Fever 2,"Dec 11, 2019",39.99,"Casual, Indie, Simulation, Strategy","NVIDIA GeForce GTX 560 or AMD Radeon HD 7850, 2 GB VRAM"
1213210,Command & Conquer™ Remastered Collection,"Jun 5, 2020",19.99,Strategy,NVIDIA GeForce GT 420 or ATI Radeon HD 5570
1238810,Battlefield™ V,"Oct 22, 2020",49.99,Action,NVIDIA GeForceÂ® GTX 1050 / NVIDIA GeForceÂ® GTX 660 2GB or AMD Radeonâ¢ RX 560 / HD 7850 2GB
2252570,Football Manager 2024,"Nov 6, 2023",59.99,"Simulation, Sports, Strategy","Intel GMA X4500, NVIDIA GeForce 9600M GT, AMD/ATI Mobility Radeon HD 3650 - requires 256MB VRAM and DirectXÂ® 11"
1260320,Party Animals,"Sep 20, 2023",19.99,"Action, Casual, Indie","NVIDIA GTX 750-Ti / AMD RX 550, 2GB VRam"
2420510,HoloCure - Save the Fans!,"Aug 16, 2023",0.0,"Action, Adventure, Casual, Indie","NVIDIA GTX 750-Ti / AMD RX 550, 2GB VRam"
304930,Unturned,"Jul 7, 2017",0.0,"Action, Adventure, Casual, Indie, Free To Play","NVIDIA GTX 750-Ti / AMD RX 550, 2GB VRam"
740130,Tales of Arise,"Sep 9, 2021",39.99,"Action, RPG",GeForce GTX 760 or Radeon HD 7950
1426210,It Takes Two,"Mar 25, 2021",39.99,"Action, Adventure",Nvidia GeForce GTX 660 or AMD R7 260x
444200,World of Tanks Blitz,"Nov 9, 2016",0.0,"Action, Massively Multiplayer, Simulation, Strategy, Free To Play",DirectX 11 compliant graphics card with 256 MB of VRAM
2074920,The First Descendant,"Jun 30, 2024",0.0,"Action, Adventure, RPG, Free To Play",GeForce GTX 1050Ti / AMD Radeon RX 570 / Intel Arc A380
39210,FINAL FANTASY XIV Online,"Feb 18, 2014",19.99,"Massively Multiplayer, RPG","NVIDIA GeForce GTX 970 or higher, AMD Radeon RX 480 or higher"
924970,Back 4 Blood,"Oct 12, 2021",59.99,Action,NVIDIA GeForce GTX 1050 Ti OR AMD Radeon RX 570
814380,Sekiro™: Shadows Die Twice - GOTY Edition,"Mar 21, 2019",59.99,"Action, Adventure",NVIDIA GeForce GTX 760 | AMD Radeon HD 7950
1332010,Stray,"Jul 19, 2022",29.99,"Adventure, Indie","NVIDIA GeForce GTX 650 Ti, 2 GB | AMD Radeon R7 360, 2 GB"
289070,Sid Meier’s Civilization® VI,"Oct 20, 2016",59.99,Strategy,1 GB & AMD 5570 or nVidia 450 or Intel Integrated Graphics 530
739630,Phasmophobia,"Sep 18, 2020",19.99,"Action, Indie, Early Access",NVIDIA GTX 970 / AMD Radeon R9 390
1364780,Street Fighter™ 6,"Jun 1, 2023",39.99,"Action, Adventure",GTX1060 (VRAM 6GB) / Radeon RX 580 (VRAM 4GB)
236850,Europa Universalis IV,"Aug 13, 2013",49.99,"Simulation, Strategy",NvidiaÂ® GeForceâ¢ GTX 460 / AMDÂ® Radeonâ¢ HD 5850
1063730,New World: Aeternum,"Sep 28, 2021",59.99,"Action, Adventure, Massively Multiplayer, RPG",NVIDIA GTX 1060 3 GB / AMD Radeon RX 590
2195250,EA SPORTS FC™ 24,"Sep 28, 2023",0.0,"Simulation, Sports",NVIDIA GeForce GTX 1050 Ti 4GB or AMD Radeon RX 570 4GB
386360,SMITE®,"Sep 8, 2015",0.0,"Action, Adventure, Casual, Massively Multiplayer, RPG, Strategy, Free To Play",Nvidia GeForce 8800 GT
1238840,Battlefield™ 1,"Jun 11, 2020",39.99,"Action, Massively Multiplayer",Graphics card (AMD): AMD Radeonâ¢ HD 7850 2GB Graphics card (NVIDIA): NVIDIA GeForceÂ® GTX 660 2GB
1361210,"Warhammer 40,000: Darktide","Nov 30, 2022",39.99,"Action, Adventure, RPG",NVIDIA GeForce GTX 970 OR AMD Radeon RX 570
2054970,Dragon's Dogma 2,"Mar 21, 2024",69.99,"Action, RPG",NVIDIA GeForce GTX 1070 / AMD Radeon RX 5500 XT with 8GB VRAM
597820,BIOMUTANT,"May 25, 2021",39.99,"Action, RPG",4 GB Direct3D 11 capable video card - GeForce GTX 960 or Radeon R9 380
1811260,EA SPORTS™ FIFA 23,"Sep 30, 2022",70.0,"Simulation, Sports",NVIDIA GeForce GTX 1050 Ti or AMD Radeon RX 570
1643320,S.T.A.L.K.E.R. 2: Heart of Chornobyl,"Nov 20, 2024",59.99,"Action, Adventure, RPG",Nvidia GeForce GTX 1060 6GB / AMD Radeon RX 580 8GB / Intel Arc A750
1454400,Cookie Clicker,"Sep 1, 2021",4.99,"Casual, Indie, Simulation, Strategy",Nvidia GeForce GTX 1060 6GB / AMD Radeon RX 580 8GB / Intel Arc A750
644930,They Are Billions,"Jun 18, 2019",29.99,Strategy,"Intel HD3000, Radeon, Nvidia card with shader model 3, 1GB video ram."
1057090,Ori and the Will of the Wisps,"Mar 10, 2020",29.99,Action,Nvidia GTX 950 | AMD R7 370
2357570,Overwatch® 2,"Aug 10, 2023",0.0,"Action, Free To Play","NVIDIAÂ® GeForceÂ® GTX 600 series, AMD Radeonâ¢ HD 7000 series"
2139460,Once Human,"Jul 9, 2024",0.0,"Action, Adventure, RPG, Simulation, Strategy, Free To Play",Nvidia GTX 750ti 4G / AMD Radeon RX550
1089350,NBA 2K20,"Sep 6, 2019",60.0,"Simulation, Sports",NVIDIAÂ® GeForceÂ® GT 450 1GB / AMDÂ® Radeonâ¢ HD 7770 1GB or better
377160,Fallout 4,"Nov 9, 2015",19.99,RPG,NVIDIA GTX 550 Ti 2GB/AMD Radeon HD 7870 2GB or equivalent
617290,Remnant: From the Ashes,"Aug 19, 2019",39.99,"Action, Adventure, RPG",AMD Radeon RX 470
1568590,Goose Goose Duck,"Oct 3, 2021",0.0,"Casual, Indie, Massively Multiplayer, Strategy, Free To Play",Integrated Graphics
2016590,Dark and Darker,"Jun 7, 2024",0.0,"Action, RPG, Free To Play, Early Access",GeForce GTX 1060 with 3GB of video RAM or Radeon RX 580 with 4GB of video RAM or Intel Arc A380
438100,VRChat,"Feb 1, 2017",0.0,"Adventure, Casual, Massively Multiplayer, Simulation, Sports, Free To Play, Early Access",NVIDIA GeForceÂ® GTX 970 / AMD Radeonâ¢ R9 290 equivalent or greater
219990,Grim Dawn,"Feb 25, 2016",24.99,"Action, Adventure, Indie, RPG",512MB NVIDIA GeForce 6800 series or ATI Radeon X800 series or better
431960,Wallpaper Engine,"Nov 16, 2018",4.99,"Casual, Indie, Animation & Modeling, Design & Illustration, Photo Editing, Utilities",HD Graphics 4000 or above
976730,Halo: The Master Chief Collection,"Dec 3, 2019",39.99,Action,AMD HD 6850 ; NVIDIA GeForce GTS 450
2694490,Path of Exile 2,"Dec 6, 2024",29.99,"Action, Adventure, Massively Multiplayer, RPG, Early Access","NVIDIAÂ® GeForceÂ® GTX 960 (3GB), IntelÂ® Arcâ¢ A380, or ATI Radeonâ¢ RX 470"
834910,ATLAS,"Dec 22, 2018",29.99,"Action, Adventure, Massively Multiplayer, RPG, Early Access",NVIDIA GTX 770 2GB/AMD Radeon HD 7870 2GB or better
782330,DOOM Eternal,"Mar 19, 2020",39.99,Action,"NVIDIA GeForce GTX 1050Ti (4GB), GTX 1060 (3GB), GTX 1650 (4GB) or AMD Radeon R9 280(3GB), AMD Radeon R9 290 (4GB), RX 470 (4GB)"
489830,The Elder Scrolls V: Skyrim Special Edition,"Oct 27, 2016",39.99,RPG,NVIDIA GTX 470 1GB /AMD HD 7870 2GB
236390,War Thunder,"Aug 15, 2013",0.0,"Action, Massively Multiplayer, Simulation, Free To Play",DirectX 11 level video card: AMD Radeon 77XX / NVIDIA GeForce GTX 660. The minimum supported resolution for the game is 720p.
453480,Shadowverse CCG,"Oct 27, 2016",0.0,"Strategy, Free To Play",NVIDIA GeForce GT1030 / AMD Radeon RX 550
289130,ENDLESS™ Legend,"Sep 18, 2014",29.99,"RPG, Strategy","1GB nVidia Geforce GT460 or equivalent, 500 MB ATI HD4850 or equivalent"
211820,Starbound,"Jul 22, 2016",14.99,"Action, Adventure, Casual, Indie, RPG",256 MB graphics memory and directx 9.0c compatible gpu
534380,Dying Light 2 Stay Human: Reloaded Edition,"Feb 3, 2022",59.99,"Action, Adventure, RPG",NVIDIAÂ® GeForceÂ® GTX 1050 Ti / AMD Radeonâ¢ RX 560 (4GB VRAM)
1599340,Lost Ark,"Feb 11, 2022",0.0,"Action, Adventure, Massively Multiplayer, RPG, Free To Play",Nvidia Geforce GTX 1050 Ti / AMD Radeon RX 560
1151340,Fallout 76,"Apr 14, 2020",39.99,RPG,NVIDIA GTX 780 3GB /AMD Radeon R9 285 2GB or equivalent
1313140,Cult of the Lamb,"Aug 11, 2022",24.99,"Action, Adventure, Indie, Strategy",GeForce GTX 560 Ti (1024 VRAM); Radeon HD 7750 (1024 VRAM)
2933620,Call of Duty®: Black Ops 6,"Oct 24, 2024",99.99,Action,"AMD Radeonâ¢ RX 470, NVIDIAÂ® GeForceÂ® GTX 960 or IntelÂ® Arcâ¢ A580"
1240440,Halo Infinite,"Nov 15, 2021",0.0,"Action, Free To Play",AMD RX 570 or Nvidia GTX 1050 Ti
582010,Monster Hunter: World,"Aug 8, 2018",29.99,Action,NVIDIAÂ®GeForceÂ®GTX 760 or GTX1050 or AMD Radeonâ¢ R7 260x or RX 560
1449850,Yu-Gi-Oh! Master Duel,"Jan 18, 2022",0.0,"Simulation, Strategy, Free To Play",NVIDIA GeForce GTX 1650
1446780,MONSTER HUNTER RISE,"Jan 12, 2022",39.99,Action,NVIDIAÂ® GeForceÂ® GT 1030 (DDR4) or AMD Radeonâ¢ RX 550
553850,HELLDIVERS™ 2,"Feb 8, 2024",39.99,Action,NVIDIA GeForce GTX 1050 Ti or AMD Radeon RX 470
881020,Granblue Fantasy: Relink,"Jan 31, 2024",59.99,"Action, Adventure, RPG",NVIDIAÂ® GeForce GTXâ¢ 1060 6GB / AMD Radeonâ¢ RX 580 8GB
1056640,Phantasy Star Online 2 New Genesis,"Aug 5, 2020",0.0,"Action, Massively Multiplayer, RPG, Free To Play",NVIDIA GeForceÂ® GT430
990080,Hogwarts Legacy,"Feb 10, 2023",59.99,"Action, Adventure, RPG",NVIDIA GeForce GTX 960 4GB or AMD Radeon RX 470 4GB
1248130,Farming Simulator 22,"Nov 21, 2021",29.99,Simulation,GeForce GTX 660 or AMD Radeon R7 265 or better (min 2GB VRAM)
281990,Stellaris,"May 9, 2016",39.99,"Simulation, Strategy","NvidiaÂ® GeForceâ¢ GTX 460 or AMDÂ® ATI Radeonâ¢ HD 5870  (1GB VRAM), or AMDÂ® Radeonâ¢  RX Vega 11 or IntelÂ® HD Graphics 4600"
1418630,Dread Hunger,"Jan 26, 2022",0.0,"Action, Adventure, Indie",NVIDIA GeForce 760 GTX or AMD Radeon R9 280
1326470,Sons Of The Forest,"Feb 22, 2024",29.99,"Action, Adventure, Indie, Simulation",NVIDIA GeForce GTX 1060 3GB or AMD Radeon RX 570 4GB
1669000,Age of Wonders 4,"May 2, 2023",49.99,Strategy,NvidiaÂ® GeForceâ¢ GTX 670 (2GB) or AMDÂ® Radeonâ¢ HD 7870 (2GB) or IntelÂ® Arcâ¢ A380 (6GB) or IntelÂ® Irisâ¢ Xe G7 (Tiger Lake) or AMDÂ® Radeonâ¢ Vega 8
275850,No Man's Sky,"Aug 12, 2016",59.99,"Action, Adventure","Nvidia GTX 1060 3GB, AMD RX 470 4GB, Intel UHD graphics 630"
1468810,鬼谷八荒 Tale of Immortal,"May 26, 2023",19.99,"Action, Adventure, Indie, RPG, Simulation",HD4400
1281930,tModLoader,"May 16, 2020",0.0,"Action, Adventure, Indie, RPG, Free To Play",FNA Requirements:
1046930,Dota Underlords,"Jun 20, 2019",0.0,"Casual, Strategy, Free To Play",Integrated HD Graphics 520 w/128 MB or better
107410,Arma 3,"Sep 12, 2013",29.99,"Action, Simulation, Strategy","NVIDIA GeForce GTX 660 or AMD Radeon HD 7850 or Intel HD Graphics 4000, with 1 GB video memory"
787860,Farming Simulator 19,"Nov 19, 2018",17.99,Simulation,"Nvidia Geforce GTX 650, AMD Radeon HD 7770 graphics card or better (min. 2 GB VRAM, DX11 support)"
387990,Scrap Mechanic,"Jan 19, 2016",19.99,"Action, Adventure, Indie, Simulation, Early Access",Intel HD Graphics 520 or a dedicated graphics card with 2 GB memory and DirectX feature level 10.1
203160,Tomb Raider,"Mar 4, 2013",14.99,"Action, Adventure","DirectX 9 graphics card with 512Mb Video RAM: AMD Radeon HD 2600 XT, nVidia 8600"
1172380,STAR WARS Jedi: Fallen Order™,"Nov 14, 2019",39.99,"Action, Adventure","AMD Radeon HD 7750, NVIDIA GeForce GTX 650 or Equivalent"
4000,Garry's Mod,"Nov 29, 2006",9.99,"Casual, Indie, Simulation",1GB dedicated VRAM or better
1644960,NBA 2K22,"Sep 9, 2021",60.0,"Simulation, Sports",NVIDIAÂ® GeForceÂ® GT 450 1GB/ ATIÂ® Radeonâ¢ HD 7770 1 GB or better
1888160,ARMORED CORE™ VI FIRES OF RUBICON™,"Aug 24, 2023",59.99,Action,"NVIDIA GeForce GTX 1650, 4 GB or AMD Radeon RX 480, 4 GB"
2300320,Farming Simulator 25,"Nov 12, 2024",49.99,Simulation,"Nvidia GeForce GTX 1050Ti, AMD Radeon RX 470 graphics card or better (min 3GB VRAM, DX12 support)"
1203620,Enshrouded,"Jan 24, 2024",29.99,"Action, Adventure, Indie, RPG, Early Access",NVIDIA GeForce GTX 1060 (req. 6GB VRAM) / AMD Radeon RX 580 (req. 6GB VRAM) / Intel ARC A380
221100,DayZ,"Dec 13, 2018",49.99,"Action, Adventure, Massively Multiplayer",NVIDIA GeForce GTX 760 or AMD R9 270X
1091500,Cyberpunk 2077,"Dec 9, 2020",59.99,RPG,GeForce GTX 1060 6GB or Radeon RX 580 8GB or Arc A380
261550,Mount & Blade II: Bannerlord,"Oct 25, 2022",49.99,"Action, Indie, RPG, Simulation, Strategy",IntelÂ® UHD Graphics 630 / NVIDIAÂ® GeForceÂ® GTX 660 2GB / AMD Radeonâ¢ HD 7850 2GB
868270,The Cycle: Frontier,"Jun 8, 2022",0.0,"Action, Free To Play, Massively Multiplayer",NVIDIA GeForce GTX 760 or AMD Radeon R9 270; 2GB VRAM
1677740,Stumble Guys,"Oct 7, 2021",0.0,"Action, Casual, Indie, Massively Multiplayer, Racing, Free To Play",AMD Radeon HD 7750 | NVIDIA Geforce GTX 260
424370,Wolcen: Lords of Mayhem,"Feb 13, 2020",29.99,"Action, Adventure, Indie, RPG",NVIDIA GeForce GTX 560 Ti / AMD Radeon HD 6850
457140,Oxygen Not Included,"Jul 30, 2019",24.99,"Indie, Simulation",Intel HD 4600 (AMD or NVIDIA equivalent)
882100,XCOM®: Chimera Squad,"Apr 23, 2020",19.99,Strategy,"1GB AMD Radeon HD 7770, NVIDIA GeForce 650 or better"
976310,Mortal Kombat 11,"Apr 23, 2019",49.99,Action,NVIDIAÂ® GeForceâ¢ GTX 670 or NVIDIAÂ® GeForceâ¢ GTX 1050 / AMDÂ® Radeonâ¢ HD 7950 or AMDÂ® Radeonâ¢ R9 270
1245620,ELDEN RING,"Feb 24, 2022",59.99,"Action, RPG",NVIDIA GEFORCE GTX 1060 3 GB or AMD RADEON RX 580 4 GB
440,Team Fortress 2,"Oct 10, 2007",0.0,"Action, Free To Play",NVIDIA GEFORCE GTX 1060 3 GB or AMD RADEON RX 580 4 GB
1142710,Total War: WARHAMMER III,"Feb 16, 2022",59.99,"Action, Strategy",Nvidia GTX 900/AMD RX 400 series | Intel Iris Xe Graphics
859580,Imperator: Rome,"Apr 25, 2019",39.99,"Simulation, Strategy",NvidiaÂ® GeForceâ¢ GTX 460 or AMDÂ® Radeonâ¢ HD 6970
1371580,Myth of Empires,"Feb 21, 2024",29.99,"Action, Adventure, Indie, Massively Multiplayer, RPG",NVIDIA GeForce GTX 960 2GB / AMD Radeon R7 370 2GB
736190,Chinese Parents,"Sep 28, 2018",9.99,"Casual, Indie, RPG, Simulation",1024x768 High Color +
1097150,Fall Guys,"Aug 3, 2020",20.0,"Action, Casual, Indie, Massively Multiplayer, Sports",NVIDIA GTX 660 or AMD Radeon HD 7950
745920,Temtem,"Sep 6, 2022",44.99,"Adventure, Indie, Massively Multiplayer, RPG",Nvidia GT 650M or similar
1604030,V Rising,"May 8, 2024",34.99,"Action, Adventure, Massively Multiplayer","NVIDIA GeForce GTX 750 Ti (Maxwell or newer), 2 GB or AMD Radeon R7 360, 2 GB"
1782210,Crab Game,"Oct 29, 2021",0.0,"Action, Casual, Free To Play, Indie, Racing",Intel HD 520
1296830,暖雪 Warm Snow,"Jan 18, 2022",17.99,"Action, Adventure, Indie, RPG",Nvidia GeForce GTX 750
529340,Victoria 3,"Oct 25, 2022",49.99,"Simulation, Strategy",NvidiaÂ® GeForceâ¢ GTX 660 (2GB)  |  AMDÂ® Radeonâ¢ R7 370 (2GB) or IntelÂ® IrisÂ® Xe Graphics or AMDÂ® Radeonâ¢ Vega 8
1190340,SUPER PEOPLE,"Sep 18, 2025",14.99,"Action, Casual, Massively Multiplayer, Early Access",NVIDIA GeForce GTX 960 / AMD Radeon R7 370
1549250,UNDECEMBER,"Oct 11, 2022",0.0,"Action, Adventure, RPG, Free To Play",nVidia GeForce GTX 960 2GB or AMD Radeon R7 370 2GB
1920960,VPet-Simulator,"Aug 13, 2023",0.0,"Casual, Indie, RPG, Simulation, Free To Play",Iris or better
2358720,Black Myth: Wukong,"Aug 19, 2024",59.99,"Action, Adventure, RPG",NVIDIA GeForce GTX 1060 6GB / AMD Radeon RX 580 8GB
361420,ASTRONEER,"Feb 5, 2019",29.99,"Adventure, Indie",Discrete Non Mobile GPU with 1 GB Ram
1124300,HUMANKIND™,"Aug 17, 2021",49.99,Strategy,NVIDIA GTX 770 / AMD R9 290
435150,Divinity: Original Sin 2 - Definitive Edition,"Sep 14, 2017",44.99,"Adventure, RPG, Strategy",NVIDIAÂ® GeForceÂ® GTX 550 or ATIâ¢ Radeonâ¢ HD 6XXX or higher
729040,Borderlands Game of the Year Enhanced,"Aug 31, 2023",29.99,"Action, RPG","Geforce GTX 660, Radeon HD 6970"
286160,Tabletop Simulator,"Jun 5, 2015",19.99,"Casual, Indie, RPG, Simulation, Strategy",Graphics card with DX10 (shader model 4.0) capabilities.
306130,The Elder Scrolls® Online,"May 22, 2017",19.99,"Action, Adventure, Massively Multiplayer, RPG",Direct X 11.0 compliant video card with 1GB RAM (NVIDIAÂ® GeForceÂ® 560 or AMD Radeonâ¢ 6870)
883710,Resident Evil 2,"Jan 24, 2019",39.99,Action,NVIDIAÂ® GeForceÂ® GTX 960 or AMD Radeonâ¢ RX 460
1277400,Monster Hunter Stories 2: Wings of Ruin,"Jul 8, 2021",39.99,"Adventure, RPG",NVIDIAÂ®GeForceÂ® GTX 960 / 2GB VRAM or AMD Radeon RX 560 / 2GB VRAM
3097560,Liar's Bar,"Oct 2, 2024",6.99,"Casual, Indie, Simulation, Strategy, Early Access",NVIDIAÂ® GeForceÂ® GTX 1050 (2 GB) / AMDÂ® Radeonâ¢ RX-460 (4 GB) / IntelÂ® Arcâ¢ A380 (6 GB)
1086940,Baldur's Gate 3,"Aug 3, 2023",59.99,"Adventure, RPG, Strategy",Nvidia GTX 970 / RX 480 (4GB+ of VRAM)
413150,Stardew Valley,"Feb 26, 2016",14.99,"Indie, RPG, Simulation","256 mb video memory, shader model 3.0+"
227300,Euro Truck Simulator 2,"Oct 12, 2012",19.99,"Indie, Simulation",NVIDIA GeForce GTX 660 or AMD Radeon RX 460 or Intel HD 630 (2GB VRAM)
680420,OUTRIDERS,"Apr 1, 2021",19.99,"Action, Adventure, RPG",Nvidia GeForce GTX 750ti / AMD Radeon R9 270x
477160,Human Fall Flat,"Jul 22, 2016",19.99,"Adventure, Casual, Indie, Simulation",GeForce GT 740 (2048 MB) or equivalent | Radeon HD 5770 (1024 MB)
1466860,Age of Empires IV: Anniversary Edition,"Oct 28, 2021",39.99,Strategy,Intel HD 520 or AMD Radeon RX Vega 11
1817070,Marvel’s Spider-Man Remastered,"Aug 12, 2022",59.99,"Action, Adventure, Casual",NVIDIA GTX 950 or AMD Radeon RX 470
949230,Cities: Skylines II,"Oct 24, 2023",49.99,Simulation,NvidiaÂ® GeForceâ¢ GTX 970 (4 GB)  | AMDÂ® Radeonâ¢ RX 480 (8 GB)
1774580,STAR WARS Jedi: Survivor™,"Apr 27, 2023",69.99,"Action, Adventure",8GB VRAM |  GTX 1070  |  Radeon RX 580
1172470,Apex Legends™,"Nov 4, 2020",0.0,"Action, Adventure, Free To Play","AMD Radeonâ¢ HD 7790, NVIDIA GeForceÂ® GTX 950"
1049590,Eternal Return,"Jul 19, 2023",0.0,"Indie, Strategy, Free To Play","NVIDIA GeForce GTX 660, ATI Radeon HD 7850"
1448440,Wo Long: Fallen Dynasty,"Mar 3, 2023",39.99,"Action, Adventure, RPG",GeForce GTX 1650 4GBãRadeon RX 570 4GB
203770,Crusader Kings II,"Feb 14, 2012",0.0,"RPG, Simulation, Strategy, Free To Play",GeForce GTX 1650 4GBãRadeon RX 570 4GB
346110,ARK: Survival Evolved,"Aug 27, 2017",14.99,"Action, Adventure, Indie, Massively Multiplayer, RPG",NVIDIA GTX 670 2GB/AMD Radeon HD 7870 2GB or better
